Année,Catégorie,Variable,Unité,Inverse,AUT,BEL,DEU,ESP,EST,FIN,FRA,GRC,IRL,ITA,LTU,LUX,LVA,NLD,PRT,SVK
2002,Démographie,Part de la population,%,,0.025206375434015563,0.03223300385621459,0.2573218794004183,0.129220181265535,0.004302866029459005,0.016223204021511905,0.19217466593330826,0.034008728833301714,0.012219668480947478,0.17809102839346605,0.010740606830355841,0.0013918095660271914,0.00720656673974806,0.05037636827731696,0.032503915807734055,0.016779131130640057
2003,Démographie,Part de la population,%,,0.025171302093386406,0.03218730449410216,0.25602535491258877,0.13089492949736978,0.004252045585792596,0.01617103139896745,0.19244372674113894,0.03389945452668938,0.012345713479597162,0.1780552991941708,0.010594170480617114,0.0014009676226575574,0.007097356833081957,0.05033174390050293,0.03244381322636637,0.01668578601297062
2004,Démographie,Part de la population,%,,0.02519574050867102,0.03215213675465244,0.2545859043792876,0.13223260490364686,0.004203850130643309,0.016130384755844423,0.19280170103409405,0.03379969551790099,0.01248054317439855,0.17841620024231367,0.010419226582468352,0.0014133612250173853,0.006982371229835145,0.050233863247994726,0.03234566102858338,0.016606755284648105
2005,Démographie,Part de la population,%,,0.025227577210353326,0.03215121643133955,0.25303830118262316,0.1339686066028561,0.0041568130384314,0.01609644175668651,0.19317303515952144,0.03371203218701698,0.012683726710321802,0.17847098629183378,0.010194406976031741,0.001427211085569517,0.006869235757692001,0.05007374107015444,0.0322270333383386,0.016529635201229655
2006,Démographie,Part de la population,%,,0.02524404339009034,0.03221431509716553,0.25158436575228005,0.13548063732617285,0.004113267225992743,0.016083604473652483,0.19360861535320628,0.03365709364071008,0.012927709272766194,0.17835792909197754,0.009986567906147641,0.0014434840363231906,0.0067750242900247466,0.04992230600435925,0.03213592293854124,0.016465114200589884
2007,Démographie,Part de la population,%,,0.025189829716815017,0.032270189281980693,0.24986283817603058,0.13739266646874382,0.004071968869781589,0.01606311657444164,0.19371913228733087,0.033556858915505805,0.013290488709522638,0.17845690894859167,0.009814220080192164,0.0014578515989976764,0.0066829182977311335,0.04975516614421457,0.03202152728706924,0.01639431864305091
2008,Démographie,Part de la population,%,,0.025137561450033593,0.032358252845647584,0.24810089504248617,0.1389410779260181,0.0040401027141930895,0.01605477094390664,0.19378247563531076,0.03347239707969849,0.013551925061399007,0.1789103659057234,0.009663658948699397,0.001476478076256879,0.006578923335061778,0.04969139907972293,0.03190220520281436,0.016337510753027872
2009,Démographie,Part de la population,%,,0.025112755681295264,0.032514435791781905,0.24665473329080834,0.13963923554630744,0.004018988590621684,0.01607838470144331,0.19412208941161005,0.03344958625331381,0.013652647427553373,0.1793555697562573,0.009525350645811231,0.0014991095623544386,0.00644978831777804,0.04978245786039198,0.031827041371488396,0.016317825791183446
2010,Démographie,Part de la population,%,,0.02510645871172428,0.03273156552552193,0.2456669986199384,0.13987887057668566,0.003999898785489866,0.016112072064490886,0.19458579396190678,0.03340975261166376,0.013683013944605929,0.17970412768435762,0.009304579139765765,0.0015229431187220518,0.006301282184945737,0.0499144770134178,0.03176276674279495,0.016315399313968578
2011,Démographie,Part de la population,%,,0.025242680455941958,0.03309617597686217,0.2416672175365949,0.14069914494610974,0.003996244976745121,0.016221351725643426,0.1959448709967594,0.033431216682843344,0.013772665402456558,0.18071035565842422,0.0091161170929561,0.0015604917287655477,0.006200741232592753,0.050254371853572614,0.03183455990927676,0.016251793824455383
2012,Démographie,Part de la population,%,,0.02529539887077627,0.03324847918765591,0.24160618780903176,0.14043897889913287,0.0039734940141025726,0.016264028519817755,0.1964763037442939,0.033180172254775896,0.013799865979863057,0.1808197376887005,0.008975530379616545,0.0015950260632645666,0.006111286521426845,0.05033336850418394,0.03163730315204712,0.016244838411310518
2013,Démographie,Part de la population,%,,0.02541038840547944,0.03336703693995216,0.24187837295222323,0.13970961571192572,0.003953035877353904,0.01631298349770974,0.19716024563435045,0.03288768076079378,0.01384066285364296,0.18089114153461025,0.008870923629609923,0.0016296802407344344,0.006036482480194342,0.05040111220927078,0.031414382735379436,0.01623625453676946
2014,Démographie,Part de la population,%,,0.025546277097342737,0.03344928547960393,0.24229520426126508,0.13892515085171844,0.0039330468798920645,0.016340530804087094,0.1982961816340885,0.032589511070552565,0.013898902888623662,0.18047626547001455,0.00877348198810117,0.0016644850547644341,0.0059652958806473725,0.050459183286806236,0.031174895344816277,0.016212302007675854
2015,Démographie,Part de la population,%,,0.02571438408206251,0.03353059453942271,0.24371640955424764,0.13839030149572917,0.003922204013310118,0.016348467917923187,0.19844381132864092,0.032284689223068194,0.013986265856394451,0.17969826360242677,0.008666955974940587,0.0016994473006413393,0.005900046741700237,0.05054118172122214,0.030974774738275965,0.016182201909994025
2016,Démographie,Part de la population,%,,0.025991975038543298,0.033599308652241644,0.24496304665277938,0.1381069542636233,0.003914087878642709,0.01634689074794735,0.1983788416710878,0.032055326382831574,0.014098905727624731,0.1788250814521616,0.00853214281173079,0.0017356187534370957,0.005829039733753973,0.050660170389560055,0.030807586119798197,0.016155023724236484
2017,Démographie,Part de la population,%,,0.02609565947820428,0.03369064052410364,0.24537381254048984,0.13806996550305192,0.003910758128892177,0.01635155210810747,0.19854838370038497,0.03192611138656306,0.014281520595738775,0.17812141530666314,0.00839633700123352,0.001770273337393785,0.005765713143294927,0.050855598048632676,0.03069547222886652,0.016146786968379293
2018,Démographie,Part de la population,%,,0.026159604201145853,0.03377231297732179,0.24552648692161425,0.13834816784067838,0.003915050763418048,0.01633429353302011,0.19879170398807292,0.031785544145262745,0.014466678175201057,0.1773270943534928,0.008296803243096127,0.0018004512269275503,0.005707337101731996,0.05103165551747967,0.030606139756058803,0.016130676255477896
2019,Démographie,Part de la population,%,,0.026202710806323786,0.033850814838156836,0.24539858870559877,0.1390644264296307,0.003918603454388688,0.016306966794992557,0.19890465574762026,0.03166407489810001,0.014643862056582017,0.1763979993741953,0.00825193024123604,0.0018310560668131407,0.005652106051300922,0.051224656054763666,0.030579805528020115,0.01610774295227715
2020,Démographie,Part de la population,%,,0.02627974137456445,0.033930589428909926,0.24521706591580475,0.1396060997968795,0.003920244126053146,0.016305008432624016,0.1992425620766088,0.0315470286076424,0.014831627971206442,0.17526774245447535,0.008241297157942357,0.0018589032698053463,0.005603864452819074,0.051429874352702035,0.03062186881587939,0.016096481766083044
2021,Démographie,Part de la population,%,,0.026365155331841656,0.03404997082415919,0.24521062638065325,0.13954921759413344,0.003922765172122488,0.016331503242866013,0.20006431895145066,0.03115150346344809,0.014956985699107455,0.1742880564608063,0.008277368982100778,0.0018865131855943114,0.0055543062257746925,0.051676592084007184,0.030675489462463464,0.01603962693947101
2022,Démographie,Part de la population,%,,0.02656916189124207,0.034143528869218176,0.2457873975814068,0.14014721681292824,0.003956274908533361,0.016296588675826246,0.19989961543438098,0.030612356116106115,0.015205061098788627,0.17309266172247476,0.008305461262603118,0.0019156273486569248,0.005512381157105347,0.051918646382614515,0.030706179936406643,0.01593184080170806
2023,Démographie,Part de la population,%,,0.026703986675094774,0.034326453479862636,0.2437177565004525,0.14139696464980342,0.004009772268637021,0.016339779710669546,0.1999825160672094,0.03045432522712605,0.015455212511330125,0.17260139679882033,0.008402918733778233,0.0019501217362238486,0.005512163227683641,0.05231257126531872,0.030954172164071696,0.015879888983918053
2024,Démographie,Part de la population,%,,0.026734597799730735,0.034368073657338245,0.24366047489601195,0.14221823013934926,0.003998839517418625,0.01637576534381336,0.1996624267889009,0.030282776351861607,0.015677596341201753,0.17178120191594143,0.008415451015803248,0.0019727271441191243,0.005437664833742716,0.05243308332275716,0.031181822540720515,0.0157992683912894
2002,Démographie,Part des jeunes,%,,0.16619,0.17459,0.15173999999999999,0.14473,0.16646999999999998,0.17869,0.18922999999999998,0.15603999999999998,0.21123,0.14214000000000002,0.18600000000000003,0.18873,0.16388999999999998,0.18603000000000003,0.16134,0.18428999999999998
2003,Démographie,Part des jeunes,%,,0.16431,0.17348,0.14889,0.14481,0.16116,0.17716,0.18819,0.15404,0.20973,0.14188,0.17925000000000002,0.18779,0.15778,0.18569,0.16079999999999997,0.17851
2004,Démographie,Part des jeunes,%,,0.16236,0.17236,0.14595,0.14473,0.15612,0.17546,0.18705,0.15185,0.2086,0.14145,0.1736,0.18664000000000003,0.15231,0.185,0.16008,0.17314
2005,Démographie,Part des jeunes,%,,0.16024999999999998,0.17135,0.14293,0.14457,0.15206,0.1736,0.18594000000000002,0.14991,0.20646,0.14131,0.16832999999999998,0.18524000000000002,0.14748,0.18361999999999998,0.15922,0.16832999999999998
2006,Démographie,Part des jeunes,%,,0.15773,0.17036,0.14016,0.14528,0.14958,0.17167000000000002,0.18530000000000002,0.14823,0.20435999999999999,0.14122,0.16295,0.18385,0.14366,0.18178999999999998,0.15804,0.16372
2007,Démographie,Part des jeunes,%,,0.1551,0.16943000000000003,0.13811,0.14582,0.14853,0.16977,0.18505,0.1469,0.20206,0.14098,0.15757,0.18239,0.14109,0.17991,0.15654,0.15952
2008,Démographie,Part des jeunes,%,,0.15253,0.1689,0.13653,0.14696,0.14887,0.16804,0.18512,0.14633,0.20365,0.14084,0.15309,0.18050999999999998,0.14046,0.17812999999999998,0.15508,0.15605
2009,Démographie,Part des jeunes,%,,0.15011,0.1689,0.13529,0.14846,0.15036,0.16665,0.18552,0.14635,0.20655,0.14093999999999998,0.15045,0.17850000000000002,0.14122,0.17652,0.15371,0.15391
2010,Démographie,Part des jeunes,%,,0.14822,0.16928,0.13429,0.14957,0.15236,0.16557,0.18572,0.14638,0.21026,0.14088,0.14923999999999998,0.17669,0.14179,0.17514,0.15195,0.15306
2011,Démographie,Part des jeunes,%,,0.14648999999999998,0.16963999999999999,0.13489,0.15063000000000001,0.15432,0.16486,0.18579,0.14653,0.21350000000000002,0.14055,0.14836,0.17364999999999997,0.14242000000000002,0.17384,0.15023,0.15413
2012,Démographie,Part des jeunes,%,,0.14479,0.16978000000000001,0.13339,0.15136,0.1559,0.16442,0.18585000000000002,0.14675000000000002,0.21508,0.14013,0.14737,0.17065000000000002,0.14366,0.17232,0.14917999999999998,0.15378
2013,Démographie,Part des jeunes,%,,0.14364000000000002,0.16985,0.13222,0.15155,0.15738,0.16422,0.18565,0.14663,0.21538000000000002,0.13953,0.14651,0.16912,0.14575,0.17043,0.14756,0.1534
2014,Démographie,Part des jeunes,%,,0.14300000000000002,0.16989,0.13169,0.15144,0.15885,0.16402,0.18603999999999998,0.14587999999999998,0.21472999999999998,0.1386,0.14587999999999998,0.16744,0.14849,0.16831,0.14537,0.15317999999999998
2015,Démographie,Part des jeunes,%,,0.14273,0.16979,0.13202,0.151,0.16014,0.16358,0.18505,0.14484,0.21367999999999998,0.13738,0.14617000000000002,0.16559000000000001,0.15119,0.16608,0.14282999999999998,0.15323
2016,Démographie,Part des jeunes,%,,0.14355,0.16963999999999999,0.13315,0.15022,0.16152,0.16288,0.18363,0.14437,0.21215,0.13589,0.14745,0.16352,0.15408,0.16387000000000002,0.14069,0.15396
2017,Démographie,Part des jeunes,%,,0.14421,0.16953,0.13441,0.14926999999999999,0.16276,0.16199000000000002,0.18231999999999998,0.14419,0.21001,0.13430999999999998,0.14912,0.16186,0.15675,0.16182,0.13891,0.15535
2018,Démographie,Part des jeunes,%,,0.14432,0.16928,0.13547,0.14773999999999998,0.16364,0.1607,0.18085,0.14366,0.20767,0.13256,0.15051,0.16097999999999998,0.15836,0.15966,0.13705,0.15677
2019,Démographie,Part des jeunes,%,,0.14421,0.16876000000000002,0.13649,0.14548,0.16435,0.15875999999999998,0.17920000000000003,0.14292,0.20481000000000002,0.13058999999999998,0.15114,0.16022999999999998,0.15944,0.15757,0.13516999999999998,0.15784
2020,Démographie,Part des jeunes,%,,0.14386,0.16791,0.1375,0.14307999999999998,0.16441,0.1566,0.17754,0.14199,0.20153,0.12924,0.15119,0.15979,0.16001,0.15589,0.13319,0.15864
2021,Démographie,Part des jeunes,%,,0.14381,0.1668,0.13874,0.14003,0.16390000000000002,0.15454,0.17553999999999997,0.13907,0.19856000000000001,0.12789999999999999,0.14856999999999998,0.15941,0.15997999999999998,0.15468,0.13124,0.15989
2022,Démographie,Part des jeunes,%,,0.14471,0.16567,0.14043,0.13746,0.16374,0.15228,0.17329,0.13510999999999998,0.19566,0.12568,0.14912,0.15885,0.15975,0.15366,0.12988,0.16074000000000002
2023,Démographie,Part des jeunes,%,,0.14394,0.16401,0.13962,0.13409000000000001,0.16210000000000002,0.14977000000000001,0.17088,0.13216,0.19154,0.12317,0.14731,0.15798,0.15594,0.15219,0.12881,0.1604
2024,Démographie,Part des jeunes,%,,0.14352,0.16175,0.13937,0.13041,0.15814,0.14702,0.16821000000000003,0.12918,0.18777999999999997,0.12048,0.14311,0.15703,0.15271,0.15039999999999998,0.1277,0.15897
2002,Démographie,PIB par habitant,USD,,38.59522032124582,36.08472390698888,34.763011733042575,23.96172657466097,12.057853336716569,37.63575650338673,32.513680564179104,17.503863962116384,43.17004250226501,31.709554258033,7.562173492412433,93.53247446017849,7.678713656448687,40.9516183774755,18.84989401256148,9.416610628858546
2003,Démographie,PIB par habitant,USD,,38.901677535818415,36.29153679728986,34.534722252933406,24.218720624597964,13.048368740515933,38.31702413768629,32.62307063606516,18.47399156960166,43.833282284546684,31.567744679031776,8.433330512621028,94.82957137100168,8.404715127701376,40.79959308001829,18.606270247860632,9.872276187731806
2004,Démographie,PIB par habitant,USD,,39.63181472643133,37.42533731447321,34.96040368670091,24.581825799154494,14.026252247623942,39.69795758480066,33.313897565721675,19.42240365300605,46.05066315830068,31.795625136244134,9.079280146280434,97.43214334050792,9.245909303206233,41.47123867376393,18.887814327183467,10.408854574038369
2005,Démographie,PIB par habitant,USD,,40.28864558767904,38.10516174839817,35.27315961148799,24.982947081064523,15.443398350279567,40.68879167381483,33.69248735449264,19.59425668652836,47.64868926922408,31.840276299745742,9.939374476302381,98.31186364887176,10.429810804810973,42.20192488041112,19.005922883504567,11.065054104247315
2006,Démographie,PIB par habitant,USD,,41.36452981758901,38.821932893918024,36.695329916329115,25.608114701808844,17.04475761243234,42.148915379511784,34.33892256869744,20.797317439366353,48.78778028169147,32.285067689285505,10.852537486517207,102.62213815559801,11.869686086647244,43.608917383086464,19.277367241801404,12.054287147313094
2007,Démographie,PIB par habitant,USD,,42.784105775331355,39.93775715105223,37.793071173807554,25.986198957803612,18.431833099621088,44.204797040644436,35.002435903013854,21.472298507322193,49.72422450353555,32.57242842620632,12.195563139720495,109.24740412340205,13.215420449251814,45.211199743909305,19.716259108918518,13.332663920592335
2008,Démographie,PIB par habitant,USD,,43.291770981230826,39.79669175061079,38.201204171029055,25.76041398973611,17.522874301655087,44.35538802099899,34.954967299762835,21.430488383158487,46.3003698938924,31.98371277263621,12.635966570269627,107.04842145761664,12.912097602377964,45.98128920883958,19.764013238270206,14.025178972630153
2009,Démographie,PIB par habitant,USD,,41.64055004873631,38.74434932512376,36.19151135521114,24.59707575664446,14.988943548779893,40.557387925190866,33.80736956980914,20.484227223204936,43.53331884823626,30.1163455116522,10.885922990050954,101.58524899403957,11.011996257122952,44.0528367545176,19.1174449272429,13.229732757465616
2010,Démographie,PIB par habitant,USD,,42.275909386293556,39.41349487145764,37.723883296385665,24.51835332750618,15.399793462137854,41.650478684834695,34.28747727319008,19.29785824447117,43.999558264612226,30.430141879385552,11.165289437642425,103.56459080033059,10.839554471329212,44.39722450089947,19.4509141122282,14.102001758784347
2011,Démographie,PIB par habitant,USD,,43.40709806830158,39.82139532159093,39.8912337332101,24.2580592194193,16.621901270039526,42.46678898169951,34.97681906292128,17.410386406000956,44.556961831633906,30.547549193157646,12.134093322083212,102.28277750018809,11.365046535677353,44.98604570973567,19.10607330666802,14.536705799365144
2012,Démographie,PIB par habitant,USD,,43.4954695351535,39.63845038755852,39.98803680300405,23.550804383115615,17.292318113912795,41.61030349834049,34.87888781489803,16.048587552206833,44.20832719267292,29.520784775951544,12.83628307773047,101.55601636306106,12.35443813276548,44.37167900639351,18.40165333829626,14.738737982376216
2013,Démographie,PIB par habitant,USD,,43.09461583423196,39.55939995863383,40.05021401972247,23.296447290537685,17.649896016455273,41.02782969217546,34.94908699973215,15.79868290700159,44.917342934021924,28.908070047401814,13.493676989027582,102.32360616757276,12.748867536135249,44.2410632196391,18.329807615836216,14.827450623615414
2014,Démographie,PIB par habitant,USD,,43.11696053687188,40.07086634457321,40.735820376983945,23.73552566544735,18.289651552438297,40.64215060055769,35.01374593784289,16.027316256312304,48.81062934835021,28.903713795932234,14.124439403389822,102.60573912230687,13.133316781899753,44.787464079471526,18.560534000946486,15.213419433515622
2015,Démographie,PIB par habitant,USD,,43.244471996908125,40.43928917751645,41.06058449629834,24.734219250838734,18.627849518639774,40.72418646277563,35.272968903105486,16.102299599764642,60.33997918420781,29.224708768192198,14.655917050786428,102.4776994583966,13.743779465523282,45.52577062767398,18.91851423611118,15.998918101799653
2016,Démographie,PIB par habitant,USD,,43.56979434890084,40.72959520240942,41.65235323961338,25.416805701842243,19.18278752688499,41.63971665225737,35.49274378576728,16.16941720120498,60.40524753475876,29.641455192212554,15.246404491130596,105.01899876426621,14.227875490869009,46.370958280628294,19.352994771600798,16.29092228167226
2017,Démographie,PIB par habitant,USD,,44.30237375640228,41.107592764559534,42.62415923636232,26.09961423517174,20.238093069294905,42.91539954275518,36.11728704112957,16.43509769096781,65.54038073996627,30.17041643135606,16.17195286527415,104.15716281230243,14.836012103506917,47.388357972937825,20.025261786028874,16.733863965892976
2018,Démographie,PIB par habitant,USD,,45.16526302156684,41.683227607784815,42.995714364357774,26.613602204652807,20.92643820580842,43.372777750078185,36.57432943348395,16.811900481110516,69.47063151395649,30.484434847471867,17.13437916176907,103.75896044082573,15.60415012686997,48.196038074651355,20.619471441317753,17.386056563242384
2019,Démographie,PIB par habitant,USD,,45.73753677720341,42.482765913137676,43.31415336818683,26.930710767452226,21.62637967223246,43.92437706065537,37.17507423393898,17.204642522970484,71.82715397548962,30.671878790291704,17.98931476874613,104.55068765796294,15.819839421138598,48.98260904257834,21.14305391133432,17.76029138928599
2020,Démographie,PIB par habitant,USD,,42.673404027448385,40.30185093549648,41.49451189650152,23.85082965303176,20.9550432913946,42.74981033701688,34.30952377217248,15.659952421798858,75.89228161733641,28.09630469771073,17.98450025671897,102.31267438964616,15.377605701392515,46.81151277126394,19.358275510296444,17.278543540581154
2021,Démographie,PIB par habitant,USD,,44.59933111085748,42.6714817381173,43.09455857028642,25.447769096967747,22.669535333134977,43.813131878246246,36.509820245393804,17.230752607739593,87.48365016194163,30.75503795475342,19.043558920089165,107.7231183131687,16.577882162157575,49.50081411971267,20.39743720686987,18.31992188153196
2022,Démographie,PIB par habitant,USD,,46.39350605465177,44.02148119182309,43.567414811527634,26.823390982181042,22.07940155985884,44.034522007131606,37.34922567775664,18.41238105522138,92.04552267511013,32.31714952964034,19.348670274943338,104.48532248877673,16.949542773285145,51.48275115373549,21.6800802455356,18.44127824687136
2023,Démographie,PIB par habitant,USD,,45.67617165969188,44.43555516228232,43.46168330312044,27.17843144072125,21.1442428806833,43.22267174865743,37.78912291867582,18.850968708869242,88.03099129583921,32.64472833470011,19.21953903506252,102.49374275990805,16.75540476549444,50.19167739592969,22.121216761985576,18.858069380334175
2024,Démographie,PIB par habitant,USD,,45.141178527348714,44.66628587096758,43.04085555498751,27.832905052390185,21.0922795427667,43.113948007033564,38.129815258546664,19.264663502039774,88.68645188486246,32.88880305736633,19.70168158154883,101.17751584171579,16.897623094713964,50.877424762304464,22.336700392706263,19.239622365558237
2004,Démographie,Jeunes sans emploi,%,1,0.10977864,0.11034863,0.10506956,0.12336392,0.13289225,0.10739392,0.12010033999999999,0.1718832,0.08471541399999999,0.17698832,,0.066092558,0.14560471,0.057204533,0.11841886,0.18112068
2005,Démographie,Jeunes sans emploi,%,1,0.10149777,0.1236039,0.11551819999999999,0.15811561,0.10546912000000001,0.09275012,0.11977282,0.17002316,0.08650395400000001,0.17976723,0.088341198,0.057024096999999996,0.12952822,0.055198283,0.11580560999999999,0.1606082
2006,Démographie,Jeunes sans emploi,%,1,0.09870388000000001,0.12002896,0.10301951000000001,0.1401998,0.094574041,0.086027355,0.12900162,0.13215844000000002,0.08685654599999999,0.17556297,,0.070998216,0.11317369,0.040748897,0.10830891,0.15089271999999998
2007,Démographie,Jeunes sans emploi,%,1,0.087249842,0.10315528,0.095753431,0.14580942,0.10516175999999999,0.084918222,0.1205651,0.13129779,0.089522543,0.16576384,,0.061014886,0.11470664,0.052568974,0.12127938,0.12496843
2008,Démographie,Jeunes sans emploi,%,1,0.08930980699999999,0.09765220599999999,0.08864046099999999,0.15473826000000002,0.078717885,0.08549846600000001,0.11165378000000001,0.12606109,0.11805021,0.15927045,,0.058049736000000005,0.10134067,0.03814002,0.1045138,0.11406762000000001
2009,Démographie,Jeunes sans emploi,%,1,0.09349524499999999,0.10876939999999999,0.088915682,0.20514471,0.14331903000000001,0.10065873,0.13414354,0.1304044,0.16180515,0.18126346999999998,,0.056125531000000006,0.17671797,0.057242746000000004,0.11527869,0.1118028
2010,Démographie,Jeunes sans emploi,%,1,0.096174564,0.12043844999999999,0.088976908,0.20777012,0.15378451,0.10403963,0.14352324,0.14396307,0.18661366000000001,0.19963196,0.14017818,0.06884923,0.1946158,0.052388291000000003,0.12065072,0.13876116
2011,Démographie,Jeunes sans emploi,%,1,0.084380751,0.11763714,0.084599857,0.21265608,0.11899364,0.096951551,0.13782708,0.16271975000000002,0.18054987,0.20136906,,0.053788838,0.15298793,0.051741805,0.13557874,0.13977267
2012,Démographie,Jeunes sans emploi,%,1,0.083957586,0.13093611,0.074434748,0.21789431,0.12892388,0.10046255999999999,0.1361748,0.20322437000000002,0.17751419,0.22118876,,0.065756407,0.14714539000000001,0.048124204,0.1559341,0.1359252
2013,Démographie,Jeunes sans emploi,%,1,0.087804279,0.13021009,0.068844528,0.22408560000000002,0.11832273,0.10369868,0.13637090000000002,0.20929634,0.16211721,0.22908494999999998,,0.057979478999999993,0.11593665,0.064489193,0.14793098999999998,0.13984707999999998
2014,Démographie,Jeunes sans emploi,%,1,0.09783800100000001,0.12476074000000001,0.067445884,0.19796844,0.12315256,0.10822654,0.13035964,0.20795905999999997,0.14804914,0.23546589,0.10189408,0.056628036,0.11342143,0.060491958,0.167270088196,0.12852703
2015,Démographie,Jeunes sans emploi,%,1,0.08986405400000001,0.10354136,0.060956535,0.18414122,0.10881387000000001,0.12183934,0.13960653,0.18290163,0.13393236,0.2305364,0.10825675,0.060624065,0.09024081199999999,0.05008061900000001,0.145773935318,0.13253825
2016,Démographie,Jeunes sans emploi,%,1,0.09696703899999999,0.095244951,0.071934681,0.17222163999999998,0.096078501,0.11147541,0.14278613,0.16440349999999998,0.12675677999999999,0.21099983000000003,0.09065251399999999,,0.11901421,0.051832385,0.139901180267,0.11944694
2017,Démographie,Jeunes sans emploi,%,1,0.087978764,0.09790468199999999,0.069709692,0.15728744,0.098049841,0.11074919,0.13642131,0.16126925,0.11208483,0.20306906000000002,0.09794599500000001,0.067301083,0.11974056,0.04496541,0.11800062179599999,0.1196668
2018,Démographie,Jeunes sans emploi,%,1,0.09220275900000001,0.094299498,0.06987309,0.15319122999999998,0.10670861000000001,0.09666667000000001,0.13178674,0.15142791,0.09601873400000001,0.19678982,0.090035563,0.059764795,0.08512096400000001,0.04398015499999999,0.11310010910000001,0.11002742
2019,Démographie,Jeunes sans emploi,%,1,0.089372196,0.10241214,0.059228711,0.14723445,0.072130351,0.088926172,0.12618242000000002,0.13913264,0.09535881,0.19714653,0.091115379,,0.081775236,0.043164787,0.10314925193800001,0.08825888600000001
2020,Démographie,Jeunes sans emploi,%,1,0.1009,0.09254652999999999,,0.14834249,0.088554201,0.09677419699999999,0.12431191,0.13000989000000002,0.093188,0.19114474999999997,0.10471503,0.065953636,0.094070539,0.044303203,0.10256090164199999,0.099485598
2021,Démographie,Jeunes sans emploi,%,1,0.09635487599999999,0.05338388,0.08082218199999999,0.25685894000000004,0.11608479000000001,0.10304054000000001,0.12501808,0.12774416,0.08819803200000001,0.21426189,0.11594427,,0.10869999999999999,0.036002455,0.11026522636399999,0.10991403999999999
2022,Démographie,Jeunes sans emploi,%,1,0.089778719,0.069428535,0.069200516,0.23732533,0.11670645,0.089830513,0.11792875,0.11044290999999999,0.060973572999999996,0.20248280999999999,0.11534064000000001,,0.084470682,0.03145184,0.092465572357,0.097580147
2023,Démographie,Jeunes sans emploi,%,1,0.103207130432,0.068256154,0.07666991699999999,0.13117369,0.11128612,0.094117651,0.12009455000000001,0.13533204,0.060973572999999996,0.13877005,0.1564885,0.09224100099999999,0.09666164399999999,0.038445582,0.106966514587,0.09029077499999999
2024,Démographie,Jeunes sans emploi,%,1,0.10747769355799999,0.120703964233,0.080410823822,0.133795385361,0.095577840805,0.100334444046,0.125193157196,0.12227526664699999,0.064554858208,0.129208288193,0.149255771637,0.088362665176,0.077714490891,0.041397037505999996,0.120639257431,0.08977936744699999
2002,Finances,Dépenses pub. / PIB,% PIB,1,0.0003725122101810536,0.00036572912531074694,0.0003740609857873543,0.00029169162605546,0.0001687469937469937,0.0003675142968492469,0.00042491840675882133,0.0003922914468673829,0.00026442490270293473,0.0003481348354667303,0.0002052112622503223,0.0002502843808477197,0.00016588139925295304,0.0003405363282727563,0.00031746487710793614,0.0003349478728098534
2003,Finances,Dépenses pub. / PIB,% PIB,1,0.00037804265518525483,0.00038119612262124545,0.0003813994946017532,0.0003011883109665488,0.00017140547231692878,0.0003747139569484463,0.0004356960461963489,0.0004128833473652415,0.00027258357436703073,0.00036273977091627846,0.00019433142996817538,0.00026539699959138405,0.00016815837658694065,0.0003558656609169357,0.0003409645392476297,0.0003154120108891336
2004,Finances,Dépenses pub. / PIB,% PIB,1,0.0004036878729562986,0.0003753403751393569,0.00037336357402187635,0.00031670435962297995,0.0001743874228408385,0.00037571587729264667,0.0004399563224752305,0.00043349508934758786,0.00027531711193669827,0.0003698848437213271,0.00020244959380537295,0.0002758456826233766,0.00018588142299290358,0.000351689937757975,0.0003557693618767095,0.0003125414201832957
2005,Finances,Dépenses pub. / PIB,% PIB,1,0.0003936483792773867,0.0004026937747500555,0.0003747023353266766,0.00032707940328417844,0.00018280946720561236,0.0003781409008548635,0.0004507501798479271,0.0004216578616514628,0.00028551411949342444,0.0003808577282229726,0.00021673366370062854,0.00028764905982861126,0.0002035751223220308,0.00034870995957965933,0.00037155166765284666,0.00033644955762901236
2006,Finances,Dépenses pub. / PIB,% PIB,1,0.0003960537839432714,0.0003874058211241421,0.0003636571268343195,0.0003395780194445667,0.0001980044476292742,0.0003743027129209064,0.0004558129258086021,0.00042885930066683666,0.0003005239178266821,0.00039347240487229017,0.00023281044421857023,0.0002775527421462771,0.00023828829222293153,0.0003622883286334415,0.0003708292478466369,0.00033668226571271
2007,Finances,Dépenses pub. / PIB,% PIB,1,0.0003954302962628683,0.00039325756374582855,0.00035601279958000947,0.00035913208187276385,0.00022463102748188172,0.0003726173532075705,0.0004655263626675312,0.000461683802067781,0.00032279852480877045,0.0003948749673201744,0.0002598117868575612,0.0002683668752436217,0.00026966850102929274,0.0003638304817778738,0.0003757609703974848,0.00031930437175022855
2008,Finances,Dépenses pub. / PIB,% PIB,1,0.0004084370424963234,0.00041906269000605766,0.00036671607754658233,0.0003881767409063664,0.0002805247707393108,0.0003946107277040017,0.0004818598939321688,0.0005182779529366669,0.00037479346086206135,0.00041445385277413593,0.0003081778171932911,0.000290067520071636,0.000334039273211538,0.00038120077928092695,0.00039040124942523423,0.0003346084032505316
2009,Finances,Dépenses pub. / PIB,% PIB,1,0.00045012847672071867,0.00045331056325184535,0.0004064610622599903,0.00043345053802165424,0.00032570163330745386,0.00045400070659791573,0.0005151517112219662,0.0005646525871768056,0.0004026300389660737,0.00045089835864574134,0.00035115270251509815,0.0003297101829023871,0.00036349200561057394,0.00041907666141122613,0.0004363532224749142,0.0003970677270294868
2010,Finances,Dépenses pub. / PIB,% PIB,1,0.0004440694598866639,0.00045594040071226887,0.00040801621270488125,0.00043255228041674007,0.0002925902877620652,0.0004549664141467951,0.0005186898824866521,0.0005530287936545153,0.0005420344921119742,0.0004426255532366197,0.00034414356580943,0.0003393575681711953,0.0003652539040680772,0.0004259627381732824,0.0004537881280267101,0.00036834381121609813
2011,Finances,Dépenses pub. / PIB,% PIB,1,0.00043469981747106906,0.00047606673521694714,0.000388494338495457,0.0004330022268335655,0.0002854713622206833,0.00046499775524805006,0.0005164414966627687,0.0005796195936083781,0.00039792397201946134,0.00044312645345914655,0.00033880206611086665,0.00034692874433356894,0.00035784772328236933,0.000417356349223354,0.0004365891125554389,0.0003722682922602336
2012,Finances,Dépenses pub. / PIB,% PIB,1,0.0004473663229524452,0.0004973558973275142,0.0003925619313696161,0.00046316399110326516,0.0003114966107741705,0.0004954127324512451,0.0005299669777161274,0.0006075253187733661,0.0003676680865035918,0.00046390026031565786,0.00031725233951903297,0.00036078070716675034,0.0003388383288379031,0.0004218168737079758,0.0004246959966158148,0.00037039260163845096
2013,Finances,Dépenses pub. / PIB,% PIB,1,0.0004612180649208556,0.0005012487740560018,0.00040082062155160275,0.00043624127986028417,0.0003155635397899883,0.0005207723222484101,0.0005407646070176483,0.0006565730674930699,0.00035158354692260425,0.00047332181690815724,0.00031226005447242675,0.00036412465477842415,0.00034176430308777004,0.0004256194314622915,0.000444115942892574,0.00038220616964845116
2014,Finances,Dépenses pub. / PIB,% PIB,1,0.00046983017957194896,0.000500942456817428,0.0004026604877205954,0.00042449464226825765,0.00031810659176618805,0.0005344208444312473,0.000541951206538228,0.0005194179412105363,0.000323364712674068,0.00047584489724899765,0.00030773909146835526,0.00036842687068722223,0.0003512066636598573,0.0004199242794915896,0.0004630385917373529,0.00038982276956549906
2015,Finances,Dépenses pub. / PIB,% PIB,1,0.00047007100826934454,0.0004926446044773771,0.0004094371226936663,0.0004139289628507879,0.000336817715547657,0.0005250654584114349,0.0005404751253528527,0.0005511673193064093,0.00027020337941993205,0.00047477421063192923,0.0003095608317917082,0.0003745196525514628,0.00034931034076760286,0.0004102537756783511,0.0004413108974921967,0.00040872583720599526
2016,Finances,Dépenses pub. / PIB,% PIB,1,0.00047309984513191003,0.000497149275205748,0.0004166907858457855,0.0004005979245011167,0.00034200167033008824,0.0005194766373829929,0.0005410510767887559,0.000503578116964259,0.00026519399309520096,0.0004686210121698008,0.00030597086087626836,0.000367358539341466,0.00034129207941744656,0.00040049917946033945,0.0004172091347784957,0.00037732193094593017
2017,Finances,Dépenses pub. / PIB,% PIB,1,0.00046987351324194226,0.0004966401119405385,0.00042136644690027975,0.0003953422750702857,0.0003543970408089015,0.0005023795937331407,0.0005470365592179493,0.00048752448315230986,0.00024722625875299214,0.000470097937019576,0.0003084064992304463,0.00038656414775898744,0.0003572045309420029,0.0003954786058661931,0.00042947669869111287,0.0003713536328974407
2018,Finances,Dépenses pub. / PIB,% PIB,1,0.00047254511704423454,0.0005070186015962438,0.0004301550697400965,0.00040473523649374004,0.00037100924766856307,0.0005105473689807578,0.000540775172865208,0.0004864717956755279,0.00024435725925170025,0.0004706114795271668,0.000322698514875205,0.0004038115886015689,0.00038099950618269247,0.00040234153591436704,0.0004163683211785634,0.00037798583832834235
2019,Finances,Dépenses pub. / PIB,% PIB,1,0.0004785344060347488,0.0005095504474857233,0.0004475048024770097,0.0004153978039067088,0.0003881642386653875,0.0005172861794594105,0.0005376591767266735,0.0004785834969361007,0.0002437484006165218,0.0004768540200160479,0.0003382785621931614,0.0004147259854487091,0.00038725549453997535,0.000411157154363771,0.00041620350494172415,0.0003967537425449512
2020,Finances,Dépenses pub. / PIB,% PIB,1,0.0005731283788182665,0.0005845288925584834,0.0005111350674641814,0.0005137768394653271,0.00044738038909103575,0.000564527660150516,0.0006169923583738641,0.0005929227921865838,0.0002669824214679803,0.0005678378698978134,0.0004226773071550739,0.0004704010465859752,0.00044256602544317516,0.00047813189330073755,0.0004912312031211238,0.00044500510917129646
2021,Finances,Dépenses pub. / PIB,% PIB,1,0.0005704860411537726,0.0005638553640079908,0.0005199852039084381,0.0005072109980870571,0.0004388595769334152,0.0005647457109922895,0.0006017913191695109,0.0005748441126305257,0.0002383237427741941,0.0005676446731727411,0.00039533016526259994,0.00044911021354845823,0.0004808369306567498,0.000471449394264997,0.00048280566421821417,0.00045906284902682486
2022,Finances,Dépenses pub. / PIB,% PIB,1,0.000566364417325007,0.0005744996148169969,0.0005306870488212363,0.00049710377481842,0.0004890405411667212,0.0005725687867304809,0.0006090557719109329,0.0005716773718056763,0.00022484008851857633,0.0005749652166197015,0.0004462721417642375,0.0004981118167883447,0.0005011748721453432,0.00047157715743482466,0.00047158441232058104,0.0004725300231759601
2023,Finances,Dépenses pub. / PIB,% PIB,1,0.0005984985284472333,0.0006092866194209106,0.0005594140456328339,0.0005185140298846868,0.0005701695954187355,0.000631954805098895,0.0006224029060161864,0.0005687226354126878,0.00024929859527203984,0.0005945670656857234,0.0004997715188146375,0.0005572215381957611,0.0005445536429707731,0.0005140152653563395,0.00048444748867189564,0.0005821073204307732
2024,Finances,Dépenses pub. / PIB,% PIB,1,0.0006583548979472393,,,,,,,,,,,0.0005893392219560839,,,,
2002,Finances,Dépenses ens. / PIB,% PIB,1,3.2353822268140064e-07,3.1115856472247587e-07,2.9942375758595403e-08,1.0538368940610976e-07,1.0914885674381151e-05,6.434963529344444e-07,5.312241578678771e-08,4.4766149688643385e-07,7.181347791499588e-07,5.292141106407409e-08,6.6093933221173826e-06,2.6463038162974405e-06,9.157208978817934e-06,1.6685290991890243e-07,7.605664486980102e-07,1.5013827168294762e-06
2003,Finances,Dépenses ens. / PIB,% PIB,1,3.2270993463145436e-07,3.0647712020363917e-07,2.9924884374613365e-08,1.0261051718828003e-07,9.986856621533702e-06,6.381655633622414e-07,5.207780933929145e-08,4.5233775157191816e-07,7.205619359179403e-07,5.373959011621672e-08,5.885633568513613e-06,2.6231446086437056e-06,8.182209071436107e-06,1.720174646812087e-07,7.329828236024628e-07,2.037323266832663e-06
2004,Finances,Dépenses ens. / PIB,% PIB,1,2.8091053935820853e-07,2.9266015706662016e-07,3.002739559340018e-08,9.981053156213679e-08,9.45604472216968e-06,6.099094706133083e-07,4.891608383961707e-08,4.052839736239846e-07,6.71389141321053e-07,5.0721709194043184e-08,6.249233891556652e-06,2.5160454424566118e-06,7.843575890396545e-06,1.7217165478667055e-07,7.20516422220616e-07,1.7731722434553086e-06
2005,Finances,Dépenses ens. / PIB,% PIB,1,2.822515542926949e-07,2.74849883732999e-07,2.9733726542495167e-08,9.436301886014115e-08,8.360020440509399e-06,5.831808527347709e-07,4.7461897677387027e-08,4.292488851888945e-07,6.31314167399113e-07,5.140486931962207e-08,5.505824318678828e-06,2.4437771286347507e-06,6.522390511494672e-06,1.7184549780119768e-07,7.115692639024974e-07,1.640453008191896e-06
2006,Finances,Dépenses ens. / PIB,% PIB,1,2.771331169098591e-07,2.8162614456936946e-07,2.902869072639707e-08,9.085020994857956e-08,7.6161228971524475e-06,5.59438132768531e-07,4.623221792362157e-08,3.5276192358352426e-07,5.788106120980726e-07,4.896343489365464e-08,4.412388017423833e-06,2.3147767209926723e-06,5.830022968787218e-06,1.6490195585103592e-07,6.934926278095102e-07,1.5450995455716657e-06
2007,Finances,Dépenses ens. / PIB,% PIB,1,2.670544837613917e-07,2.6778636150461286e-07,2.8660169377246648e-08,8.728510846121828e-08,6.861591436072124e-06,5.297589824482935e-07,4.375432370361106e-08,3.216212422819973e-07,5.578648720819319e-07,5.0040656810002295e-08,3.5782482274736973e-06,2.1789671298940275e-06,5.476407197339347e-06,1.5981360074635623e-07,6.349803697899606e-07,1.394222853062832e-06
2008,Finances,Dépenses ens. / PIB,% PIB,1,2.685277980036055e-07,2.644993710067197e-07,2.8009290448302864e-08,8.633861102707465e-08,6.998334457362648e-06,5.159165392397543e-07,4.3669144526757e-08,3.125602949146278e-07,5.454141336563758e-07,4.785290914728782e-08,3.7193769562228317e-06,2.181183056707954e-06,5.8457635634092246e-06,1.5707923271281514e-07,6.285203254835994e-07,1.3136170428230494e-06
2009,Finances,Dépenses ens. / PIB,% PIB,1,2.713236293938781e-07,2.651375251193052e-07,2.9885590530033595e-08,8.808954818735329e-08,7.609767877329003e-06,5.533206312290358e-07,4.458411344943381e-08,3.356244895745746e-07,5.118151373176853e-07,4.998398414932904e-08,4.34885665587304e-06,2.25438647022762e-06,6.230290233088175e-06,1.5858177317986385e-07,6.405217620877298e-07,1.4062537717487497e-06
2010,Finances,Dépenses ens. / PIB,% PIB,1,2.736790706162909e-07,2.6058461442323275e-07,2.9138509347970422e-08,8.601725613268084e-08,7.80965878291044e-06,5.418581004200725e-07,4.3144592539297396e-08,3.6430695305501815e-07,3.554978818620823e-07,4.8472681767240784e-08,4.027042485506532e-06,2.271852854381408e-06,5.906954974476913e-06,1.5533543784670176e-07,6.297155082377357e-07,1.3966964522041165e-06
2011,Finances,Dépenses ens. / PIB,% PIB,1,2.690006117557343e-07,2.5611805030571956e-07,2.922820490938753e-08,8.46633000235803e-08,7.301756876568233e-06,5.224012904313005e-07,4.1106954968770406e-08,4.2378746457163387e-07,5.458875039132973e-07,4.5693438963153685e-08,3.818895219297357e-06,2.26779383993162e-06,6.075511867870237e-06,1.516178726304636e-07,6.057270719538891e-07,1.209269395576853e-06
2012,Finances,Dépenses ens. / PIB,% PIB,1,2.6605257015496545e-07,2.524601450330882e-07,2.8647552129344726e-08,7.710828778178507e-08,6.738481692954448e-06,5.118125285522289e-07,4.026354690885995e-08,4.5221107168726704e-07,5.852552471039889e-07,4.549870439357627e-08,3.879616004314972e-06,2.248814300533754e-06,5.85800166912848e-06,1.5460459944459907e-07,5.677188089697434e-07,1.2218445873494406e-06
2013,Finances,Dépenses ens. / PIB,% PIB,1,2.6561082548218026e-07,2.578515302256104e-07,2.897191325308203e-08,8.196301157635202e-08,6.546992431008137e-06,5.0142323524156e-07,3.945897116351508e-08,4.103695047445633e-07,5.587387518209273e-07,4.642409036610693e-08,3.6918381244934947e-06,2.041581316642619e-06,5.813386107060281e-06,1.5113614403697286e-07,5.699199835833239e-07,1.2470360352803908e-06
2014,Finances,Dépenses ens. / PIB,% PIB,1,2.587226973809083e-07,2.525909230390961e-07,2.850786370177555e-08,8.253467679591408e-08,6.022406584482889e-06,4.98164503423643e-07,3.91607535866841e-08,4.838214855115947e-07,5.317506925635085e-07,4.6196114315367216e-08,3.4889319975137353e-06,1.969431200700226e-06,5.790457912145983e-06,1.5070315460193377e-07,5.305598309957119e-07,1.1714761088202714e-06
2015,Finances,Dépenses ens. / PIB,% PIB,1,2.6014746791832684e-07,2.5769857787698394e-07,2.7868972812010557e-08,8.147407232177878e-08,6.04806032941557e-06,5.115130690393453e-07,3.892669360724535e-08,4.370296539419806e-07,4.1613416766128183e-07,4.5674172880898275e-08,3.3760161575904214e-06,1.8960042623389637e-06,5.591601836354365e-06,1.4872939222347824e-07,5.365526579173333e-07,1.077243511768374e-06
2016,Finances,Dépenses ens. / PIB,% PIB,1,2.555214593264405e-07,2.5470298081329487e-07,2.682681648202009e-08,8.125925015419242e-08,5.647966183728161e-06,4.951527748256565e-07,3.8046525729190356e-08,4.5831504027488506e-07,4.29852820980099e-07,4.5239216261596294e-08,3.1761134179782555e-06,1.7726444391511455e-06,5.301359089031653e-06,1.4968211748404521e-07,5.308578765964396e-07,1.0712193549972054e-06
2017,Finances,Dépenses ens. / PIB,% PIB,1,2.510914083860549e-07,2.561292711470583e-07,2.6111055669516493e-08,7.972016557763259e-08,5.378401375373314e-06,4.6515482753010863e-07,3.718024177279359e-08,4.519651479376657e-07,4.0209115700009136e-07,4.488926814492464e-08,2.9764380353623764e-06,1.7318788110299083e-06,5.247771761227309e-06,1.4519839198841957e-07,4.877030041951497e-07,1.0904479233307207e-06
2018,Finances,Dépenses ens. / PIB,% PIB,1,2.4483600753841367e-07,2.490045616692178e-07,2.625248961160457e-08,7.634885419544624e-08,5.665325931581125e-06,4.568824773607046e-07,3.69739605200981e-08,4.64301443361574e-07,3.6901912999281957e-07,4.483447386864229e-08,2.770565591757698e-06,1.752454993732457e-06,4.929675002948238e-06,1.4104641485203647e-07,4.814515888933821e-07,1.1115192759174474e-06
2019,Finances,Dépenses ens. / PIB,% PIB,1,2.428070176400574e-07,2.42845870498603e-07,2.6194777711623546e-08,7.49281852016155e-08,5.3132314896730714e-06,4.587557698152495e-07,3.6324624212416675e-08,4.49146506157171e-07,3.689256914795587e-07,4.4592712113445004e-08,2.6355161943887742e-06,1.7223551513269666e-06,4.9466699476017635e-06,1.365794579741563e-07,4.802731260823621e-07,1.1243634066654429e-06
2020,Finances,Dépenses ens. / PIB,% PIB,1,2.319865416571055e-07,2.405831194629331e-07,2.589756661619246e-08,7.937822216044872e-08,5.067824921455974e-06,4.585175985623804e-07,3.6219334197986377e-08,4.475143738818364e-07,3.0942178235523623e-07,4.5553114107473176e-08,2.4158182400217297e-06,1.647020485943122e-06,4.627243078058848e-06,1.3095476609790123e-07,4.778344473745624e-07,1.1215250030401372e-06
2021,Finances,Dépenses ens. / PIB,% PIB,1,2.1926445890211094e-07,2.294699051275188e-07,2.460683230995165e-08,7.589710978982964e-08,4.628223896072102e-06,4.4312025417173374e-07,3.438091899005323e-08,3.901852434299935e-07,2.6359504504886086e-07,4.109901799362525e-08,2.3694820286064497e-06,1.588415108778927e-06,4.077444616396977e-06,1.2446793545271113e-07,4.6698161038173147e-07,1.0210553845645487e-06
2022,Finances,Dépenses ens. / PIB,% PIB,1,2.1307065842784944e-07,2.3050857239860743e-07,2.455574267829064e-08,7.184844282362168e-08,4.8094430940006225e-06,4.496506448077095e-07,3.395998053811687e-08,4.0831458341285014e-07,2.572671767625696e-07,3.825119669304444e-08,2.452912976563777e-06,1.5655274349978246e-06,4.01730263233315e-06,1.2339851227711592e-07,4.4510847310883586e-07,1.0878730929323734e-06
2023,Finances,Dépenses ens. / PIB,% PIB,1,2.2405735156738071e-07,2.2770746642366728e-07,2.5552942209699135e-08,7.04926304879591e-08,5.012306005846639e-06,4.683578400086466e-07,3.409983542482108e-08,4.073977454171656e-07,2.6347416552246653e-07,3.7906469761343e-08,2.4948467842739916e-06,1.5643556332875483e-06,4.421385899542924e-06,1.2635014366520034e-07,4.3862379434657575e-07,1.0064876882982602e-06
2024,Finances,Dépenses ens. / PIB,% PIB,1,2.310450904835192e-07,,,,,,,,,,,1.5681361437744617e-06,,,,
2002,Finances,Part dép. éducation,%,,0.0008685305174940442,0.0008507896779019051,8.004677551595024e-05,0.0003612845895893937,0.06468195629455831,0.001750942367279944,0.00012501792095097298,0.0011411451880004135,0.0027158364125664043,0.0001520141211755626,0.032207751415003066,0.010573188016504828,0.05520335022526594,0.0004899709548323425,0.0023957499035064033,0.004482436936334259
2003,Finances,Part dép. éducation,%,,0.0008536336580148994,0.0008039880314001863,7.846073421219423e-05,0.00034068558922154305,0.058264514467006055,0.001703073908853737,0.00011952784468423264,0.0010955582356577216,0.0026434532513236173,0.00014814915381478806,0.03028657572003392,0.009883851786879297,0.0486577548945697,0.00048337753139199383,0.0021497332984241066,0.006459244405720415
2004,Finances,Part dép. éducation,%,,0.0006958607334449668,0.0007797193599488487,8.042400941780356e-05,0.0003151536394413895,0.05422435040398589,0.00162332631510871,0.00011118395472625817,0.0009349217178767559,0.0024386030225227,0.00013712837942680655,0.03086809795017133,0.009121206533045042,0.04219666368002784,0.0004895552482515299,0.0020252346026083837,0.005673399200705618
2005,Finances,Part dép. éducation,%,,0.0007170143944471944,0.0006825282658108961,7.935292561380068e-05,0.0002885018680866161,0.04573078499871445,0.0015422316163535164,0.00010529534939597716,0.0010180028032862965,0.002211148676356976,0.00013497131739841488,0.025403641615563483,0.008495689609035455,0.03203923169539868,0.0004928035264847126,0.0019151287044345626,0.00487577698051471
2006,Finances,Part dép. éducation,%,,0.0006997360665276566,0.0007269538277772132,7.982434162392315e-05,0.00026753854709789335,0.038464403140136494,0.0014946141544176983,0.00010142805371656942,0.0008225586411091284,0.0019260051455601073,0.0001244393108318403,0.018952706491472245,0.008339952626995587,0.024466258557650486,0.0004551677291759557,0.0018701130826021483,0.004589191956104082
2007,Finances,Part dép. éducation,%,,0.0006753516012436822,0.0006809439568152575,8.050319935422892e-05,0.00024304458684407465,0.030546053735277363,0.0014217238619941182,9.398892782976385e-05,0.0006966266540899333,0.0017282138213376827,0.00012672532054792954,0.013772463023147717,0.00811935946981525,0.020307923159125184,0.00043925291791226497,0.001689851846822383,0.004366438346648895
2008,Finances,Part dép. éducation,%,,0.0006574521163956933,0.0006311689809534136,7.637868139213222e-05,0.00022242087670033977,0.024947295880213514,0.0013074062690630762,9.062622782402447e-05,0.0006030746497002206,0.0014552391933463041,0.00011546016239681603,0.012068931469814439,0.007519570119982002,0.017500228362990304,0.0004120643011515335,0.0016099342059200232,0.0039258339900074294
2009,Finances,Part dép. éducation,%,,0.0006027693057114009,0.0005848915657674693,7.352633082210827e-05,0.00020322860502010158,0.02336423001645061,0.0012187660133293197,8.654559905018662e-05,0.0005943911303987046,0.0012711797128500183,0.0001108542162350165,0.012384517119545897,0.006837479056250581,0.017140102497227895,0.00037840755112882024,0.0014678974030598643,0.0035415967504312416
2010,Finances,Part dép. éducation,%,,0.0006162978888170776,0.0005715321871370648,7.141507724607588e-05,0.0001988597911212212,0.02669144913402342,0.001190984836619702,8.317993852599906e-05,0.000658748617133678,0.0006558584131370058,0.00010951171122587258,0.011701635263861107,0.006694569585185526,0.016172188465851292,0.00036466907531125655,0.0013876861674985699,0.0037918282041793537
2011,Finances,Part dép. éducation,%,,0.000618819242484815,0.0005379877049989739,7.523457104312299e-05,0.00019552624623365416,0.025577896219669206,0.0011234490587005714,7.959653752535856e-05,0.0007311475823882643,0.0013718386985908943,0.00010311602615113641,0.011271758945081803,0.0065367712447347865,0.016977925169237955,0.0003632815767930805,0.001387407643787665,0.003248381397821319
2012,Finances,Part dép. éducation,%,,0.0005947085341585864,0.0005076046074645025,7.297587932022798e-05,0.00016648161183280182,0.021632600355448894,0.0010331032995858614,7.59736900634341e-05,0.0007443493426748224,0.0015918032284759408,9.807863518467738e-05,0.01222880187486284,0.006233188903569524,0.017288485895971026,0.0003665206611711602,0.0013367651531768707,0.0032987823783319306
2013,Finances,Part dép. éducation,%,,0.0005758899004265124,0.0005144182760570743,7.228149375381402e-05,0.00018788458442677057,0.020746986281638388,0.0009628454006094039,7.296884938741435e-05,0.0006250172677832156,0.00158920619781996,9.808145052209795e-05,0.011822959970755697,0.0056068197795750875,0.017009927761727998,0.00035509690785901784,0.001283268463346249,0.003262731306580948
2014,Finances,Part dép. éducation,%,,0.0005506727933412543,0.0005042314134119294,7.07987611676392e-05,0.00019443043227800418,0.01893203957530508,0.0009321576967189786,7.225881797888716e-05,0.0009314685672659252,0.0016444301796760393,9.708229421486043e-05,0.011337305185592585,0.005345514557683237,0.016487323594047823,0.00035888173645113583,0.0011458220555764361,0.003005150546044327
2015,Finances,Part dép. éducation,%,,0.0005534216391606643,0.0005230922566387668,6.806655104613374e-05,0.00019683104985129623,0.017956479277170975,0.0009741891431725638,7.202309927183386e-05,0.0007929164858539509,0.0015400775836136155,9.62018826172245e-05,0.010905824674427852,0.005062496051735052,0.01600754739772927,0.00036253022163551193,0.0012158155644158338,0.0026356139341038283
2016,Finances,Part dép. éducation,%,,0.0005401004924345216,0.0005123269680075156,6.43806328176129e-05,0.0002028449105306483,0.016514440348425603,0.0009531762146612125,7.031965624207595e-05,0.0009101170698952622,0.001620899538345832,9.65368924712327e-05,0.010380444101383382,0.004825379702153711,0.015533202815842001,0.00037373888677059796,0.0012724023333724036,0.0028390063421749796
2017,Finances,Part dép. éducation,%,,0.0005343808521012878,0.0005157240927364402,6.196757207793508e-05,0.00020164847172860422,0.015176202834812786,0.0009259031085908207,6.796664893100922e-05,0.0009270614370283125,0.0016264095854066508,9.54891834444603e-05,0.009651022409674751,0.00448018477934402,0.014691223953369612,0.0003671460095051165,0.0011355750048407498,0.0029364137757927284
2018,Finances,Part dép. éducation,%,,0.0005181219712307275,0.0004911152389385283,6.1030292232674505e-05,0.0001886390096816468,0.015270039674704224,0.0008948875366311489,6.837214867723617e-05,0.000954426232905923,0.001510162338220987,9.52685512764976e-05,0.008585616183666479,0.004339783808090663,0.012938796305380034,0.0003505638922700148,0.001156311766300076,0.002940637355180253
2019,Finances,Part dép. éducation,%,,0.0005073971998210427,0.00047658847459928317,5.853518792788662e-05,0.00018037694108378837,0.013688101479779237,0.000886851008265235,6.756068860121549e-05,0.0009384914211054377,0.0015135512296549287,9.351438855846134e-05,0.007790964278971544,0.004152995500061275,0.012773659812052408,0.00033218309963619827,0.0011539382066222841,0.0028339075000358826
2020,Finances,Part dép. éducation,%,,0.00040477238648597123,0.00041158464966530673,5.066677726627957e-05,0.00015449941699017684,0.011327776194554523,0.0008122145838525063,5.870305151500663e-05,0.0007547599447669917,0.001158959382621173,8.022204316114174e-05,0.005715514410465861,0.00350131127023778,0.010455486440526554,0.0002738883725029669,0.000972728206878059,0.002520251969980028
2021,Finances,Part dép. éducation,%,,0.000384346755371371,0.0004069658990142494,4.732217787159297e-05,0.0001496361673466764,0.010546024604071265,0.0007846367764230504,5.7130965327814764e-05,0.0006787670515480786,0.0011060377030861364,7.240271940527541e-05,0.00599367879512182,0.0035368046881604476,0.008479890699800886,0.0002640112321000225,0.000967224796622662,0.0022242169818993225
2022,Finances,Part dép. éducation,%,,0.00037620770639900443,0.0004012336413350502,4.627160721716109e-05,0.00014453409220210848,0.009834446613621367,0.0007853216158976,5.575840851416003e-05,0.0007142395406051576,0.0011442228939583172,6.652784479368754e-05,0.005496451037402272,0.0031429237015331455,0.008015770254275861,0.00026167194558012597,0.0009438574759469638,0.0023022306299620514
2023,Finances,Part dép. éducation,%,,0.00037436575182345623,0.0003737279946178519,4.5678049039316694e-05,0.00013595124996643984,0.008790903699741436,0.0007411255302273601,5.4787397512463195e-05,0.0007163381937867509,0.001056861813581252,6.375474180969791e-05,0.004991974713147502,0.002807421332550797,0.008119284402216782,0.00024581009977905715,0.0009054103996886335,0.0017290414550248838
2024,Finances,Part dép. éducation,%,,0.00035094307219999624,,,,,,,,,,,0.002660837910244018,,,,
2002,Finances,Taux prélèv. obligatoires,% PIB,,0.31135749252109873,0.3227004182019678,0.29387541821656055,0.25059263289314204,0.14571969696969697,0.3289353350999987,0.3368892893389728,0.2829047027863016,0.2233255484642693,0.2935480869492916,0.17032100770171144,0.22540456126031938,0.13183416595355593,0.268229913471368,0.2253778264879389,0.2424077717440126
2003,Finances,Taux prélèv. obligatoires,% PIB,,0.3125341720314189,0.3251275594003852,0.3003636665920884,0.2596564668803579,0.15044342786343923,0.32222756954133436,0.3412832137524781,0.2780541863637195,0.23723436661113598,0.3046458655930082,0.16622259442350812,0.23006899772342537,0.13656699225829333,0.2729046618767147,0.22539999429598154,0.2548896021428754
2004,Finances,Taux prélèv. obligatoires,% PIB,,0.3150673757607434,0.33174071745480865,0.29672261324385363,0.27734625008791647,0.1578470939179456,0.3197962262089131,0.34798433370627285,0.27613651760809144,0.24712337785631036,0.30776701500819276,0.17228366210164503,0.22953872956774368,0.145415235538215,0.2758619321019086,0.23173393707880555,0.26001585323212634
2005,Finances,Taux prélèv. obligatoires,% PIB,,0.31543188825034785,0.33690441804995075,0.29842345042529933,0.2991646427701343,0.16026083137011987,0.3246782602642109,0.35748778792751634,0.29374565611534187,0.258571052811006,0.31290575286714817,0.1846907613739767,0.2485845165838763,0.1614946306784724,0.28332729589217676,0.24516725019271085,0.26435097113600603
2006,Finances,Taux prélèv. obligatoires,% PIB,,0.31731012662670555,0.34306356724296766,0.30102643187880607,0.31768960924465034,0.17879034067272026,0.3280481728397954,0.3685600523755933,0.2939517845249473,0.2801484694517174,0.3285879370781261,0.20350913480248015,0.24945081203535502,0.18538057424804782,0.2983647490644932,0.2567633795385877,0.252432337111737
2007,Finances,Taux prélèv. obligatoires,% PIB,,0.32566513648804574,0.34720943087781625,0.30799727955903006,0.3328014231758456,0.20448226087048016,0.3313917491046862,0.3729991953997724,0.3105895075940427,0.27813090357416065,0.34764881472326503,0.21972165161663595,0.2574755119772195,0.2187183397058004,0.3002310999869801,0.26811082485546944,0.2539043111665689
2008,Finances,Taux prélèv. obligatoires,% PIB,,0.33846389937123683,0.3603598297808519,0.31382936291692476,0.30059631227157535,0.22078852189916542,0.33877178858953344,0.38035264944309705,0.3228806651965957,0.2611944309073853,0.3548185220007122,0.24556340401566437,0.26881224204910487,0.24176365929638874,0.31030452250569013,0.2717955144426455,0.26002090098406055
2009,Finances,Taux prélèv. obligatoires,% PIB,,0.34130047782131406,0.3562288501245114,0.3228129781874633,0.2785052959030979,0.24371580820248193,0.34253834910093495,0.37596969978977407,0.3199385931685779,0.2409407210089214,0.366422657532129,0.236493233184031,0.2810768833127898,0.2202027303210137,0.3059582611861484,0.25824310767861947,0.2560126689995095
2010,Finances,Taux prélèv. obligatoires,% PIB,,0.34464058999541175,0.36536615277081896,0.3131506206893073,0.29417360136017506,0.23598352356855395,0.34208542963265515,0.38123991921576456,0.3361039599079519,0.23127071653384734,0.365604728536532,0.2299820282487591,0.2889198546808735,0.2241158945028575,0.31168239983559204,0.26491562676903024,0.24760044972920803
2011,Finances,Taux prélèv. obligatoires,% PIB,,0.3515921427661214,0.37825295464614317,0.32138908747123207,0.2925632554653248,0.2357132886402448,0.3619441278114956,0.3941347478520005,0.35926753097900804,0.23404690990046217,0.3704733674511219,0.2316209999991835,0.3030782909624926,0.24528102799386553,0.3109252601542683,0.28067477056032963,0.26148560963326783
2012,Finances,Taux prélèv. obligatoires,% PIB,,0.36490876681505874,0.3963477971403236,0.33207414778099,0.3031743367606109,0.2501700733807615,0.3788716645978785,0.40950693570364294,0.38913032452744695,0.24281200785937893,0.3943850904269275,0.23465147750176651,0.3152978123515779,0.25287103413728523,0.3165785418881354,0.274621335454882,0.26249869982631313
2013,Finances,Taux prélèv. obligatoires,% PIB,,0.38027325112925686,0.40842433791639404,0.3414532854154231,0.3125137362675337,0.2589699047953123,0.3978994515511451,0.42095526434611974,0.3755862094603277,0.2479261373107035,0.4006882920661049,0.23656768587400184,0.3209330852444362,0.2598806577193083,0.32542787077229635,0.3010495960543839,0.2845067593940758
2014,Finances,Taux prélèv. obligatoires,% PIB,,0.38883703470101805,0.4076244880418446,0.34709085957946495,0.3173322949641681,0.2711935537673385,0.4060641520360265,0.4251191199055318,0.3715226212419129,0.24665004166540794,0.4022793376200854,0.24290623119780658,0.32855341182999914,0.2672334285913964,0.3345323768628244,0.30556269557601917,0.29233850962041186
2015,Finances,Taux prélèv. obligatoires,% PIB,,0.4006205925698245,0.4085503763785934,0.3560973275372388,0.31710180257432924,0.2840288758069153,0.41256231477649136,0.43026195963839303,0.37239778674491836,0.214764589119524,0.4028655979551418,0.25346102279976657,0.32350238925262037,0.2681789817297701,0.33362156694538353,0.3139576378774999,0.29771809695287604
2016,Finances,Taux prélèv. obligatoires,% PIB,,0.3944094242846131,0.4089545081752513,0.3648478767233685,0.31650165625649507,0.29249397397517957,0.41581118229531605,0.4321793209119099,0.39097551559164373,0.22112922570175753,0.4010842118980016,0.26315858076144616,0.3251191201267481,0.27839542439352627,0.3480154878744527,0.3157825989773965,0.3006293466798233
2017,Finances,Taux prélèv. obligatoires,% PIB,,0.39863350844640627,0.42221757327556825,0.3723108356783965,0.3237320637645567,0.29482614152176895,0.4102933075970044,0.4424707723367416,0.39553232681316763,0.21192232138561454,0.4005500789129167,0.2711961749685182,0.3429797125454234,0.2899015103140009,0.3554280500769662,0.32157328018253706,0.3127099553325798
2018,Finances,Taux prélèv. obligatoires,% PIB,,0.40943599834607264,0.4286760834543034,0.3835736022393891,0.3349118066272971,0.3093188434034225,0.41382615865221345,0.44589251189156914,0.39966180459039974,0.21396408694435806,0.40347377625075675,0.28410526907861433,0.3772457500967814,0.2947244682319179,0.36467970083079637,0.3316905110766027,0.31976519849550983
2019,Finances,Taux prélèv. obligatoires,% PIB,,0.41803583329250854,0.42152679505031476,0.3938313996319481,0.34003352066421694,0.32496906262992215,0.41760080048468445,0.44117269681953786,0.39045647692938057,0.21820653075760787,0.41415270382115804,0.29443499113988947,0.3838477646542657,0.3150494675394251,0.3793750375472012,0.3366806956970256,0.33345969184215424
2020,Finances,Taux prélèv. obligatoires,% PIB,,0.42326156214375193,0.42525027983773184,0.3986463694533315,0.364817474809912,0.3292919525228389,0.42064918967625126,0.45635761605972575,0.38679829093458074,0.19335169698667395,0.4247161352562817,0.31033822802962163,0.385551519676821,0.32275151466209334,0.39197244700617173,0.3497503963409736,0.34114007780698546
2021,Finances,Taux prélèv. obligatoires,% PIB,,0.4425168539708867,0.4384007698686647,0.417354130409745,0.382933829408426,0.3501205272108449,0.44527845020361706,0.45690983483740705,0.3941400691627169,0.20160225978356866,0.4261254179751102,0.3364822074154545,0.4045030514277874,0.3287240859874997,0.39724731007363,0.3566799841066877,0.3528028217541477
2022,Finances,Taux prélèv. obligatoires,% PIB,,0.4581688583158561,0.4593115827340053,0.4376413430028461,0.393251572256479,0.3980645083303169,0.47087278799656146,0.47755394924762307,0.437685121385822,0.21964052122799846,0.4341223417853338,0.38820349478895455,0.43876468709060057,0.36864646880679136,0.4108844203283415,0.38327639673832964,0.3851613956290628
2023,Finances,Taux prélèv. obligatoires,% PIB,,0.48771598845673697,0.48178957137739564,0.451916002568127,0.4145990826573736,0.4436878185220645,0.48248377716250085,0.4795831236576302,0.44210479314872136,0.23866728563521655,0.45634545123811354,0.42825654541521063,0.47941283689116565,0.4055903421456428,0.4542615215278476,0.40617109044500804,0.4212762768176734
2024,Finances,Taux prélèv. obligatoires,% PIB,,0.517429091744241,0.4995195522001002,0.47651120574665495,0.4303746223962157,0.4830210255028364,0.4810961503888539,0.48695459709153155,0.4717403095244172,0.2549970830592207,0.479457319086084,0.4560579927359694,0.5214496908604446,0.444595608545444,0.47265075740156076,0.4246570557101098,0.4419459010937268
2002,Finances,Dette / PIB,% PIB,1,70.7,108.7,59.8,55.7,7.4,47.2,71.9,114.8,33.1,105.9,,18.2,16.5,54.9,68.2,
2003,Finances,Dette / PIB,% PIB,1,69.7,107.1,63.3,51.8,8.2,49.6,76.1,111.3,31.9,105.1,,19.5,18.3,56.6,72.5,
2004,Finances,Dette / PIB,% PIB,1,68.8,102.0,65.0,49.3,8.3,49.4,76.4,112.8,30.3,104.7,,20.2,19.0,56.4,76.9,
2005,Finances,Dette / PIB,% PIB,1,72.5,99.9,67.1,46.8,8.2,46.5,77.7,116.4,29.4,106.2,,18.8,15.7,55.7,80.5,
2006,Finances,Dette / PIB,% PIB,1,71.7,96.0,66.4,44.1,8.1,44.4,75.3,112.1,26.7,106.3,,17.6,15.8,51.2,81.7,36.7
2007,Finances,Dette / PIB,% PIB,1,69.5,92.0,63.7,41.3,7.3,40.6,75.7,112.0,27.0,103.5,,17.2,14.0,49.4,79.9,36.0
2008,Finances,Dette / PIB,% PIB,1,73.5,97.5,65.2,45.5,8.6,39.0,79.5,120.5,45.9,105.8,,24.6,24.8,59.9,81.9,34.8
2009,Finances,Dette / PIB,% PIB,1,84.3,104.8,72.4,60.0,13.4,49.9,93.5,139.5,65.6,116.1,,22.3,43.3,62.1,94.5,44.5
2010,Finances,Dette / PIB,% PIB,1,87.4,104.8,81.0,67.7,13.2,55.7,95.9,159.3,90.8,118.8,,27.1,54.6,65.3,108.9,48.4
2011,Finances,Dette / PIB,% PIB,1,87.1,107.4,78.5,78.1,10.8,57.4,97.9,186.3,114.3,119.1,,26.1,52.9,67.5,126.6,50.3
2012,Finances,Dette / PIB,% PIB,1,90.0,109.0,79.8,96.2,14.4,63.5,101.2,177.7,123.6,125.9,,26.6,49.2,71.9,138.8,59.5
2013,Finances,Dette / PIB,% PIB,1,90.1,109.6,77.5,106.3,14.7,66.5,105.4,191.3,122.2,131.9,,27.8,46.7,73.9,140.8,59.3
2014,Finances,Dette / PIB,% PIB,1,92.6,111.5,74.5,110.7,14.7,70.2,107.7,192.5,105.9,134.8,,27.3,50.7,74.0,141.6,58.6
2015,Finances,Dette / PIB,% PIB,1,93.0,110.5,71.2,108.4,13.4,75.0,109.0,192.3,77.6,134.8,,27.5,45.6,70.9,138.8,57.2
2016,Finances,Dette / PIB,% PIB,1,90.7,110.8,68.3,107.4,13.8,75.4,110.6,195.5,76.0,134.2,,25.3,49.9,67.6,138.5,58.1
2017,Finances,Dette / PIB,% PIB,1,86.6,108.4,64.0,106.8,13.3,74.8,112.4,193.3,68.3,133.7,,27.4,47.5,62.7,132.9,56.6
2018,Finances,Dette / PIB,% PIB,1,82.3,105.9,60.8,106.0,13.0,72.3,111.4,199.3,68.6,134.2,,28.1,47.2,58.3,127.3,55.0
2019,Finances,Dette / PIB,% PIB,1,78.6,103.2,58.7,104.1,13.8,71.5,108.8,194.1,62.5,133.9,,29.8,46.1,53.8,121.8,53.6
2020,Finances,Dette / PIB,% PIB,1,92.9,118.2,68.0,126.5,25.0,81.9,126.8,223.6,63.8,154.4,,31.8,53.1,60.5,140.3,64.6
2021,Finances,Dette / PIB,% PIB,1,92.0,115.4,67.9,125.2,25.1,78.8,123.7,213.4,58.8,145.8,,30.7,57.9,57.8,130.3,65.9
2022,Finances,Dette / PIB,% PIB,1,86.9,110.0,64.4,118.8,27.1,81.1,121.9,193.7,48.5,138.4,,32.2,56.9,55.1,117.3,65.7
2023,Finances,Dette / PIB,% PIB,1,86.1,108.2,62.3,114.0,29.2,84.9,119.9,179.2,47.1,133.9,,31.8,55.8,52.1,104.5,61.8
2024,Finances,Dette / PIB,% PIB,1,88.1,109.3,62.2,111.1,33.0,89.8,122.6,168.6,40.9,134.7,,33.0,58.4,50.0,99.7,64.9
2012,Adultes,Faibles comp. en calcul,%,1,10.462034,,13.336044,22.471082,9.094894,8.0510922,18.125683,,14.874501,21.336471,,,,9.2863217,,8.9347805
2014,Adultes,Faibles comp. en calcul,%,1,,,,,,,,19.523589,,,11.321611,,,,,
2023,Adultes,Faibles comp. en calcul,%,1,19.8015893425,,17.2428351895,24.103993206,13.3014608281,9.7736818523,22.6254596893,,16.3133096176,28.1204597185,26.2864952922,,21.0818670242,12.5473351194,34.1064944169,16.659852614
2012,Adultes,Compétences en calcul,score,,275.0440426,280.3861755,271.7251668,245.8217334,273.1194789,282.2266095,254.1920015,,255.5904107,247.12892,,,,280.3460797,,275.8075915
2015,Adultes,Compétences en calcul,score,,,,,,,,,,,,267.198815,,,,,
2023,Adultes,Compétences en calcul,score,,270.2898809,283.0237236,276.5335357,251.721158,282.3770667,298.9423641,257.2233295,,260.3013399,244.5552218,245.6870402,,,287.7448357,,261.094373
2012,Adultes,Compétences en lecture,score,,269.4511534,275.4803187,269.808368,251.7898349,275.8840373,287.5457019,262.1391371,,266.5448219,250.4826646,,,,284.0068673,,273.8456011
2015,Adultes,Compétences en lecture,score,,,,,,,,,,,,266.8237872,,,,,
2023,Adultes,Compétences en lecture,score,,257.53921,278.4612713,269.6879098,248.9407031,276.8014289,302.7202712,255.3960516,,263.2620442,245.7274115,238.3978973,,,282.3212384,,254.36808
2018,Adultes,Faible comp. PISA,%,1,13.5120534072,12.4888384298,12.8151818797,,4.2178368221,7.0145269127,12.5238017754,19.8741200372,7.487588506,13.7678399355,13.8748889851,17.4126372295,9.158704063,10.7988073131,12.6432983742,16.9476285093
2022,Adultes,Faible comp. PISA,%,1,15.5322921324,15.2258118277,16.7043933299,12.8751894531,5.2031854466,11.5372289153,16.7966109163,25.7423579048,7.5088978515,12.9357444051,14.3510345567,,10.6499642737,20.1953826778,13.8281091429,22.1835811705
2006,Élèves,Score en lecture,points,,490.1939773816,500.9005946813,494.944417932,460.8301120718,500.7497617929,546.8682813226,487.7062469339,459.711184693,517.3132382189,468.5231087273,470.0707556732,479.3665415702,479.4918354322,506.7469709867,472.3043050432,466.3497688372
2009,Élèves,Score en lecture,points,,470.2836321014,505.9457961641,497.3050580251,481.0423259879,500.9618654468,535.8779845253,495.6165414632,482.7762417979,495.6391086086,486.051098758,468.4427344685,472.1733866855,483.9601454348,508.4037229143,489.3349238432,477.4433524999
2012,Élèves,Score en lecture,points,,489.6093351658,508.6178765027,507.6765296424,487.9391815852,516.2941844145,524.0216697767,505.4814833314,477.1971766013,523.1732100969,489.7544033438,477.3066119275,487.8070425543,488.6944140807,511.2299653839,487.7576873469,462.7670326303
2015,Élèves,Score en lecture,points,,484.8655971403,498.5241891857,509.1041386688,495.5764353006,519.1428550009,526.4247470861,499.3061419021,467.0395379118,520.8148412527,484.7579960762,472.4065522199,481.4390972999,487.7580985436,502.9590511737,498.1289056272,452.5143368769
2018,Élèves,Score en lecture,points,,484.3925684679,492.8644386514,498.2792569465,,523.0170183682,520.0787481917,492.6064791968,457.4143947657,518.0784592092,476.2846792907,475.87347969,469.9853892538,478.6986741576,484.7837251087,491.8007851482,457.9839669915
2022,Élèves,Score en lecture,points,,480.41,478.85,479.79,474.31,511.03,490.22,473.85,438.44,516.01,481.6,471.83,,474.57,459.24,476.59,446.86
2006,Élèves,Score en maths,points,,505.4835984775,520.348972896,503.7908583063,479.9575069975,514.5754617023,548.3583951227,495.5383328644,459.201986716,501.4717711173,461.6887208019,486.4213347874,490.0018403605,486.1660834645,530.6540464035,466.1609856989,492.1062379066
2009,Élèves,Score en maths,points,,495.9086552519,515.2722769211,512.7776425375,483.4931401774,512.1041973931,540.5043481723,496.7823103162,466.0963726612,487.1363751359,482.9084803953,476.6023030644,489.0672632899,481.9538221213,525.835688376,486.8883059118,496.6834200014
2012,Élèves,Score en maths,points,,505.5407430402,514.5292448903,513.5250556919,484.3192978304,520.5455215841,518.7503352774,494.9846743258,452.9734269959,501.4974601907,485.3211812141,478.8232774736,489.8450976873,490.5710218344,522.9717581766,487.0631811192,481.6447438986
2015,Élèves,Score en maths,points,,496.7422739476,506.984362378,505.9712824134,485.8432173301,519.5291323081,511.0768529602,492.9204017942,453.6298506957,503.7219974163,489.7287308411,478.3833818162,485.7706281615,482.3050717003,512.2527898495,491.6269678604,475.23010529
2018,Élèves,Score en maths,points,,498.9423137702,508.0703063026,500.0437805117,481.3926125844,523.4145801867,507.3013618444,495.4075793913,451.3703438079,499.6328939678,486.5898572593,481.1911883955,483.4214850079,496.1263306225,519.230982393,492.487406152,486.1648542212
2022,Élèves,Score en maths,points,,487.27,489.49,474.83,473.14,509.95,484.14,473.94,430.15,491.65,471.26,475.15,,483.16,492.68,471.91,463.99
2006,Élèves,Score en sciences,points,,510.8371545182,510.3634841461,515.6491298756,488.4245226936,531.3918043108,563.3228345383,495.2198389919,473.3779639765,508.3289299434,475.3972205494,487.956698255,486.3243629663,489.5437781706,524.861506294,474.3058891578,488.4333985698
2009,Élèves,Score en sciences,points,,494.3276731544,506.5755261394,520.4053495352,488.2546302313,527.8317560592,554.0795097824,498.2268939351,470.115764234,507.9841537891,488.8313626858,491.4097908297,483.9284208448,493.8789239042,522.2181283024,492.9499673156,490.2659219352
2012,Élèves,Score en sciences,points,,505.7812478617,504.8676541389,524.1208003528,496.4458239715,541.4047575381,545.4419410929,498.9708952416,466.7220301428,522.0039602681,493.541482894,495.7000876632,491.2151762153,502.1861936449,522.0558228114,489.2747329616,471.1931778203
2015,Élèves,Score en sciences,points,,495.0374863797,501.9997136812,509.1406471748,492.786136115,534.1937420772,530.6611588609,494.977600372,454.8288165948,502.5751154888,480.5467624108,475.4089464958,482.8063836015,490.225018361,508.5748060719,501.1000622338,460.7748558264
2018,Élèves,Score en sciences,points,,489.7804392268,498.7731270285,502.9889033036,483.2520426608,530.1080045754,521.8845630013,492.9770739473,451.63274157,496.1135616676,468.0117272891,482.0670127077,476.7694059154,487.2505882194,503.3838194297,491.6773284996,464.0475781716
2022,Élèves,Score en sciences,points,,491.27,490.58,492.43,484.53,525.81,510.96,487.23,440.79,503.85,477.46,484.46,,493.84,488.32,484.37,462.27
